<beans:beans xmlns="http://www.springframework.org/schema/security"
	xmlns:beans="http://www.springframework.org/schema/beans"
	xmlns:xsi="http://www.w3.org/2001/XMLSchema-instance"
	xsi:schemaLocation="http://www.springframework.org/schema/security http://www.springframework.org/schema/security/spring-security.xsd
		http://www.springframework.org/schema/jee http://www.springframework.org/schema/jee/spring-jee.xsd
		http://www.springframework.org/schema/beans http://www.springframework.org/schema/beans/spring-beans.xsd">

    <http auto-config="true" use-expressions="true"> 
    
   		<headers>
			<cache-control />
		</headers>
    
        <!-- <intercept-url pattern="/admin/**" access="hasRole('ROLE_ADMIN')"/>
        <intercept-url pattern="/member/member_view.do" access="isAuthenticated()"/>
        <intercept-url pattern="/member/member_update.do" access="isAuthenticated()"/> -->
        
        <!-- <form-login login-page="/login.do" 
       			    default-target-url="/welcome.do"
       			    username-parameter="username" 
            		password-parameter="password" 
           		    authentication-failure-url="/loginError.do" /> -->
          
      	<!-- <logout logout-success-url="/logout.do" 
			    delete-cookies="JSESSIONID" />  		
			    
	    <csrf disabled="true"/>	 -->
       		
     	<!-- <access-denied-handler error-page="/access-denied" /> -->
     	
<!--   	<session-management>
		    <concurrency-control max-sessions="1" 
							     error-if-maximum-exceeded="true" />
   	    </session-management> -->
	    <!-- error-if-maximum-exceeded="true" : 중복 로그인 방지 
	    	 max-sessions : 최대 세션 허용 개수-->
     	
    </http>
    
    <authentication-manager erase-credentials="true">
          <authentication-provider ref="customProvider" />
    </authentication-manager> 
	
   	<beans:bean id="customProvider" 
				class="com.joeun.joeunmall.service.CustomProvider">
       	  <beans:property name="dataSource" ref="dataSource" />
	</beans:bean> 
	
</beans:beans>