<?xml version="1.0" encoding="UTF-8"?>
<beans xmlns="http://www.springframework.org/schema/beans"
	xmlns:xsi="http://www.w3.org/2001/XMLSchema-instance"
	xmlns:context="http://www.springframework.org/schema/context"
	xmlns:mvc="http://www.springframework.org/schema/mvc"
	xsi:schemaLocation="http://www.springframework.org/schema/mvc http://www.springframework.org/schema/mvc/spring-mvc-4.3.xsd
		http://www.springframework.org/schema/beans http://www.springframework.org/schema/beans/spring-beans.xsd
		http://www.springframework.org/schema/context http://www.springframework.org/schema/context/spring-context-4.3.xsd">

	<context:component-scan base-package="com.joeun.joeunmall">
        <context:include-filter type="annotation" expression="org.springframework.stereotype.Controller"/>
        <context:include-filter type="annotation" expression="org.springframework.web.bind.annotation.RestController"/>
<!--         <context:exclude-filter type="annotation" expression="org.springframework.stereotype.Repository"/>
        <context:exclude-filter type="annotation" expression="org.springframework.stereotype.Service"/> -->
    </context:component-scan>
    
	<bean id="swagger2Config"
		  class="springfox.documentation.swagger2.configuration.Swagger2DocumentationConfiguration">
    </bean>
 
	<mvc:resources location="classpath:/META-INF/resources/"
		mapping="swagger-ui.html"></mvc:resources>
	
	<mvc:resources
		location="classpath:/META-INF/resources/webjars/"
		mapping="/webjars/**" />
		
</beans>
